"provider"	"name"	"street"	"city"	"state"	"zip"	"country"	"latitude"	"longitude"	"categories"	"phone"	"hours_monday"	"hours_tuesday"	"hours_wednesday"	"hours_thursday"	"hours_friday"	"hours_saturday"	"hours_sunday"	"name_score"	"distance"	"index"	"score.name_score"	"score.distance_score"	"score.phone_score"	"score.category_score"	"score.sum_score"	"score.matching"
																										
"Google"	"H&R Block"	"1159 E Twain Ave Ste 108"	"Las Vegas"	"NV"	"89109"	"USA"	"36.121032"	"-115.1382945"	"professional, financialservices"	"+17027376699"	"9:00 AM – 7:00 PM"	"9:00 AM – 7:00 PM"	"9:00 AM – 7:00 PM"	"9:00 AM – 7:00 PM"	"9:00 AM – 7:00 PM"	"9:00 AM – 6:00 PM"	"12:00 – 4:00 PM"	100	4.592744e-03	  5	50.0	20	10	20	100.0	MATCHED
"Facebook"	"H&R Block"	"1159 E Twain Ave, Ste 108"	"Las Vegas"	"NV"	"89109"	"United States"	"36.121031985948"	"-115.1382945478"	"Tax Preparation Service"	"7027376699"	"09:00-19:00"	"09:00-19:00"	"09:00-19:00"	"09:00-19:00"	"09:00-19:00"	"09:00-18:00"	"12:00-16:00"	100	1.876283e-05	  5	50.0	20	10	 0	 80.0	MATCHED
"Yelp"	"H&R Block"	"1159 E Twain Ave, Ste 108"	"Las Vegas"	"NV"	"89109"	""	"36.1210319859"	"-115.138294548"	"Financial Services, Professional Services, Financial Advising, Accountants, Tax Services"	"7027376699, +17027376699"	"8:0-22:0"	"8:0-23:45"	"9:0-17:0"	"8:0-21:0"	"8:0-21:0"	"8:0-21:0"	"8:0-22:0"	  0	0.000000e+00	  5	 0.0	 0	 0	 0	  0.0	
"Google"	"The Original Mattress Factory"	"15 Freeport Rd"	"Pittsburgh"	"PA"	"15215"	"USA"	"40.4922444"	"-79.9088296"	"shopping, shopping, shopping"	"+14127824700"	"9:00 AM – 9:00 PM"	"9:00 AM – 9:00 PM"	"9:00 AM – 9:00 PM"	"9:00 AM – 9:00 PM"	"9:00 AM – 9:00 PM"	"10:00 AM – 5:00 PM"	"12:00 – 5:00 PM"	100	5.388590e+01	 36	50.0	 0	10	20	 80.0	MATCHED
"Facebook"	"The Original Mattress Factory"	"15 Freeport Rd"	"Pittsburgh"	"PA"	"15215-2905"	"United States"	"40.49255"	"-79.90894"	"Mattress Store"	"4127824700"	"09:00-21:00"	"09:00-21:00"	"09:00-21:00"	"09:00-21:00"	"09:00-21:00"	"10:00-17:00"	"12:00-17:00"	100	1.992007e+01	 36	50.0	15	10	 0	 75.0	MATCHED
"Yelp"	"The Original Mattress Factory"	"15 Freeport Rd, Ste 500"	"Pittsburgh"	"PA"	"15215"	""	"40.4926841"	"-79.9090958"	"Furniture Stores, Shopping, Home & Garden, Mattresses"	"4127824700, +14127824700"	"9:0-21:0"	"9:0-21:0"	"9:0-21:0"	"9:0-21:0"	"9:0-21:0"	"10:0-17:0"	"9:0-21:0"	  0	0.000000e+00	 36	 0.0	 0	 0	 0	  0.0	
"Google"	"PetSmart"	"12 William Kitchen Rd"	"Scarborough"	"ON"	"M1P"	"Canada"	"43.7712643"	"-79.2812688"	"shopping"	"+14163357922"	"9:00 AM – 9:00 PM"	"9:00 AM – 9:00 PM"	"9:00 AM – 9:00 PM"	"9:00 AM – 9:00 PM"	"9:00 AM – 9:00 PM"	"9:00 AM – 9:00 PM"	"10:00 AM – 6:00 PM"	100	2.397702e+01	 43	50.0	10	10	 0	 70.0	MATCHED
"Facebook"	"PetSmart"	"12 William Kitchen Drive"	"Toronto"	"ON"	"M1P 5B7"	"Canada"	"43.7712643"	"-79.2812688"	"Pet Store, Pet Service"	"4163357922"	"09:00-21:00"	"09:00-21:00"	"09:00-21:00"	"09:00-21:00"	"09:00-21:00"	"09:00-21:00"	"10:00-18:00"	100	2.397702e+01	 43	50.0	10	10	20	 90.0	MATCHED
"Yelp"	"PetSmart"	"12 William Kitchen Road"	"Scarborough"	"ON"	"M1P 5B7"	""	"43.7710491"	"-79.2812563"	"Pet Groomers, Pet Stores, Pet Services, Pet Training, Pets"	"4163357922, +14163357922"	"9:0-21:0"	"9:0-21:0"	"9:0-21:0"	"9:0-21:0"	"9:0-21:0"	"9:0-21:0"	"9:0-21:0"	  0	0.000000e+00	 43	 0.0	 0	 0	 0	  0.0	
"Google"	"Starbucks"	"4916 S Fort Apache Rd #1A"	"Las Vegas"	"NV"	"89148"	"USA"	"36.0991948"	"-115.2966878"	"restaurants, shopping"	"+17022539000"	"4:30 AM – 10:30 PM"	"4:30 AM – 10:30 PM"	"4:30 AM – 10:30 PM"	"4:30 AM – 10:30 PM"	"4:00 AM – 11:00 PM"	"5:00 AM – 10:30 PM"	"5:00 AM – 10:00 PM"	100	9.635972e+00	 49	50.0	20	10	 0	 80.0	MATCHED
"Facebook"	"Starbucks"	"4916 S. Ft. Apache Road"	"Las Vegas"	"NV"	"89148"	"United States"	"36.099251381954"	"-115.29672458768"	"Coffee Shop"	"7022539000"	"04:30-22:30"	"04:30-22:30"	"04:30-22:30"	"04:30-22:30"	"04:00-23:00"	"05:00-22:30"	"05:00-22:00"	100	5.772166e+00	 49	50.0	20	10	20	100.0	MATCHED
"Yelp"	"Starbucks"	"4916 S Fort Apache Rd, Ste 1A"	"Las Vegas"	"NV"	"89148"	""	"36.0992323902"	"-115.296784302"	"Coffee & Tea, Food"	"7022539000, +17022539000"	"4:30-22:0"	"4:30-22:0"	"4:30-22:0"	"4:30-22:0"	"4:30-22:0"	"4:30-22:0"	"4:30-22:0"	  0	0.000000e+00	 49	 0.0	 0	 0	 0	  0.0	
"Google"	"Larry's Great Western Meats"	"420 S Valley View Blvd"	"Las Vegas"	"NV"	"89107"	"USA"	"36.16677"	"-115.19317"	"shopping"	"+17028773182"	"9:00 AM – 7:00 PM"	"9:00 AM – 7:00 PM"	"9:00 AM – 7:00 PM"	"9:00 AM – 7:00 PM"	"9:00 AM – 7:00 PM"	"9:00 AM – 7:00 PM"	"9:00 AM – 3:00 PM"	100	3.496502e-02	 74	50.0	20	10	 0	 80.0	MATCHED
"Facebook"	"Larry's Great Western Meats"	"420 S Valley View Blvd"	"Las Vegas"	"NV"	"89107"	"United States"	"36.166803232312"	"-115.19308482225"	"Specialty Grocery Store, Butcher Shop"	"7028773182"	"09:00-19:00"	"09:00-19:00"	"09:00-19:00"	"09:00-19:00"	"09:00-19:00"	"09:00-19:00"	"09:00-15:00"	100	8.467895e+00	 74	50.0	20	10	20	100.0	MATCHED
"Yelp"	"Larry's Great Western Meats"	"420 S Valley View Blvd"	"Las Vegas"	"NV"	"89107"	""	"36.1667702"	"-115.1931697"	"Food, Meat Shops, Butcher, Wholesalers, Professional Services, Specialty Food"	"7028773182, +17028773182"	"8:0-18:0"	"8:0-18:0"	"8:0-18:0"	"8:0-18:0"	"8:0-18:0"	"8:0-18:0"	"8:0-18:0"	  0	0.000000e+00	 74	 0.0	 0	 0	 0	  0.0	
"Google"	"Residence Inn by Marriott Las Vegas Hughes Center"	"370 Hughes Center Dr"	"Las Vegas"	"NV"	"89169"	"USA"	"36.1157812"	"-115.1558214"	"localservices"	"+17026500040"	"Open 24 hours"	"Open 24 hours"	"Open 24 hours"	"Open 24 hours"	"Open 24 hours"	"Open 24 hours"	"Open 24 hours"	100	4.225335e-03	 83	50.0	20	10	 0	 80.0	MATCHED
"Facebook"	"Residence Inn by Marriott Las Vegas Hughes Center"	"370 Hughes Center Dr"	"Las Vegas"	"NV"	"89169"	"United States"	"36.115822137624"	"-115.15593726018"	"Hotel"	"7026500040"	""	""	""	""	""	""	""	100	1.136913e+01	 83	50.0	15	10	20	 95.0	MATCHED
"Yelp"	"Residence Inn by Marriott Las Vegas Hughes Center"	"370 Hughes Center Dr"	"Las Vegas"	"NV"	"89169"	""	"36.1157811847"	"-115.155821443"	"Event Planning & Services, Hotels, Hotels & Travel"	"7026500040, +17026500040"	"0:0-0:0"	"0:0-0:0"	"0:0-0:0"	"0:0-0:0"	"0:0-0:0"	"0:0-0:0"	"0:0-0:0"	  0	0.000000e+00	 83	 0.0	 0	 0	 0	  0.0	
"Google"	"Cordonnerie Cyr Nettoyeur et Couture"	"3441 Rue Ontario E"	"Montréal"	"QC"	"H1W"	"Canada"	"45.5435071"	"-73.5459385"	"homeservices, localservices, shopping"	"+15145244144"	"9:30 AM – 6:00 PM"	"9:30 AM – 6:00 PM"	"9:30 AM – 6:00 PM"	"9:30 AM – 9:00 PM"	"9:30 AM – 9:00 PM"	"10:00 AM – 5:00 PM"	"11:00 AM – 4:00 PM"	 59	3.748699e+00	102	29.5	20	10	20	 79.5	MATCHED
"Facebook"	"Cordonnerie Cyr"	"3441 rue Ontario Est"	"Montreal"	"QC"	"H1W1R1"	"Canada"	"45.54350483583"	"-73.545872455406"	"Locksmith, Shoe Repair Shop"	"145244144"	"09:30-18:00"	"09:30-18:00"	"09:30-18:00"	"09:30-21:00"	"09:30-21:00"	"10:00-17:00"	"11:00-16:00"	100	8.573011e+00	102	50.0	20	 0	 0	 70.0	MATCHED
"Yelp"	"Cordonnerie Cyr"	"3441 Rue Ontario E"	"Montréal"	"QC"	"H1W 1R1"	""	"45.5435262"	"-73.5459781"	"Fashion, Shopping, Leather Goods, Shoe Repair, Local Services"	"5145244144, +15145244144"	"9:30-18:0"	"9:30-18:0"	"9:30-18:0"	"9:30-21:0"	"9:30-21:0"	"10:0-17:0"	"9:30-18:0"	  0	0.000000e+00	102	 0.0	 0	 0	 0	  0.0	
"Google"	"Tilden"	"941 Liberty Ave"	"Pittsburgh"	"PA"	"15222"	"USA"	"40.4435542"	"-79.9966108"	"nightlife, nightlife"	"+14122812040"	"2:00 – 3:30 AM"	"2:00 – 3:30 AM"	"2:00 – 3:30 AM"	"2:00 – 3:30 AM"	"2:00 – 3:30 AM"	"2:00 – 3:30 AM"	"2:00 – 3:30 AM"	100	1.213101e+00	115	50.0	20	 0	20	 90.0	MATCHED
"Facebook"	"Tilden"	"941 Liberty Ave"	"Pittsburgh"	"PA"	"15222"	"United States"	"40.44355"	"-79.99662"	"Dance & Night Club"	"4123910804"	"00:00-04:00"	"00:00-04:00"	"00:00-04:00"	"00:00-04:00"	"00:00-04:00"	"00:00-04:00"	"00:00-04:00"	100	2.117955e+00	115	50.0	20	10	 0	 80.0	MATCHED
"Yelp"	"Tilden"	"941 Liberty Ave"	"Pittsburgh"	"PA"	"15222"	""	"40.4435586"	"-79.9965977"	"Nightlife, Dance Clubs"	"4123910804, +14123910804"	"14:0-2:0"	"14:0-2:0"	"14:0-2:0"	"14:0-2:0"	"14:0-2:0"	"14:0-2:0"	"14:0-2:0"	  0	0.000000e+00	115	 0.0	 0	 0	 0	  0.0	
"Google"	"Borokhim's Oriental Rugs"	"1801 Monroe St"	"Madison"	"WI"	"53711"	"USA"	"43.0652315"	"-89.4163879"	"shopping, shopping"	"+16082572222"	"10:00 AM – 6:00 PM"	"10:00 AM – 6:00 PM"	"10:00 AM – 6:00 PM"	"10:00 AM – 6:00 PM"	"10:00 AM – 6:00 PM"	"10:00 AM – 5:00 PM"	"Closed"	 96	7.314372e+00	122	48.0	20	10	 0	 78.0	MATCHED
"Facebook"	"Borokhim's Oriental Rugs"	"1801 Monroe St"	"Madison"	"WI"	"53711"	"United States"	"43.06512"	"-89.416292"	"Carpet Cleaner, Carpet & Flooring Store, Arts & Entertainment"	"6082572222"	""	""	""	""	""	""	""	 96	1.112597e+01	122	48.0	15	10	20	 93.0	MATCHED
"Yelp"	"Borokhim Oriental Rugs"	"1801 Monroe St"	"Madison"	"WI"	"53711"	""	"43.0652198"	"-89.4162994"	"Gift Shops, Carpeting, Rugs, Home Services, Home & Garden, Shopping, Flowers & Gifts"	"6082572222, +16082572222"	"10:0-18:0"	"10:0-18:0"	"10:0-18:0"	"10:0-18:0"	"10:0-18:0"	"10:0-17:0"	"10:0-18:0"	  0	0.000000e+00	122	 0.0	 0	 0	 0	  0.0	
"Google"	"Courtyard by Marriott Charlotte Ballantyne"	"15635 Don Lochman Ln"	"Charlotte"	"NC"	"28277"	"USA"	"35.0592464"	"-80.8507718"	"localservices"	"+17043410041"	"Open 24 hours"	"Open 24 hours"	"Open 24 hours"	"Open 24 hours"	"Open 24 hours"	"Open 24 hours"	"Open 24 hours"	100	1.466458e+01	128	50.0	15	10	 0	 75.0	MATCHED
"Facebook"	"Courtyard by Marriott Charlotte Ballantyne"	"15635 Don Lochman Lane"	"Charlotte"	"NC"	"28277"	"United States"	"35.059277532449"	"-80.850758558175"	"Hotel"	"7043410041"	""	""	""	""	""	""	""	100	1.832083e+01	128	50.0	15	10	20	 95.0	MATCHED
"Yelp"	"Courtyard by Marriott Charlotte Ballantyne"	"15635 Don Lochman Lane"	"Charlotte"	"NC"	"28277"	""	"35.0591267"	"-80.850839"	"Hotels, Event Planning & Services, Hotels & Travel"	"7043410041, +17043410041"	"0:0-0:0"	"0:0-0:0"	"0:0-0:0"	"0:0-0:0"	"0:0-0:0"	"0:0-0:0"	"0:0-0:0"	  0	0.000000e+00	128	 0.0	 0	 0	 0	  0.0	
"Google"	"Crystal Bead Bazaar"	"4521 Butler St"	"Pittsburgh"	"PA"	"15201"	"USA"	"40.4728071"	"-79.9589563"	"shopping, shopping"	"+14126871513"	"Closed"	"10:00 AM – 6:00 PM"	"10:00 AM – 6:00 PM"	"10:00 AM – 9:00 PM"	"10:00 AM – 6:00 PM"	"10:00 AM – 6:00 PM"	"12:00 – 5:00 PM"	100	1.551176e+01	141	50.0	15	10	20	 95.0	MATCHED
"Facebook"	"Crystal Bead Bazaar"	"4521 Butler St"	"Pittsburgh"	"PA"	"15201"	"United States"	"40.47287"	"-79.95911"	"Jewelry & Watches Store, Arts & Crafts Store"	"4126871513"	"10:00-18:00"	"10:00-18:00"	"10:00-21:00"	"10:00-18:00"	"10:00-18:00"	"12:00-17:00"	"NA-NA"	100	2.344490e+00	141	50.0	20	10	 0	 80.0	MATCHED
"Yelp"	"Crystal Bead Bazaar"	"4521 Butler St"	"Pittsburgh"	"PA"	"15201"	""	"40.4728544"	"-79.9591286"	"Art Classes, Art Supplies, Arts & Crafts, Shopping, Local Services, Jewelry Repair, Education, Jewelry"	"4126871513, +14126871513"	"10:0-18:0"	"10:0-18:0"	"10:0-18:0"	"10:0-21:0"	"10:0-18:0"	"10:0-18:0"	"10:0-18:0"	  0	0.000000e+00	141	 0.0	 0	 0	 0	  0.0	
"Google"	"Starbucks"	"10430 W Cheyenne Ave"	"Las Vegas"	"NV"	"89129"	"USA"	"36.2186741"	"-115.3246334"	"restaurants, shopping"	"+17022568954"	"4:00 AM – 8:30 PM"	"4:00 AM – 8:30 PM"	"4:00 AM – 8:30 PM"	"4:00 AM – 8:30 PM"	"4:00 AM – 8:30 PM"	"5:00 AM – 8:30 PM"	"5:00 AM – 8:00 PM"	100	2.480132e+00	144	50.0	20	10	 0	 80.0	MATCHED
"Facebook"	"Starbucks"	"10430 West Cheyenne Ave"	"Las Vegas"	"NV"	"89129"	"United States"	"36.218666913942"	"-115.32467996187"	"Coffee Shop"	"7022568954"	"04:00-20:30"	"04:00-20:30"	"04:00-20:30"	"04:00-20:30"	"04:00-20:30"	"05:00-20:30"	"05:00-20:00"	100	2.298673e+00	144	50.0	20	10	20	100.0	MATCHED
"Yelp"	"Starbucks"	"10430 W Cheyenne Ave"	"Las Vegas"	"NV"	"89129"	""	"36.2186799013"	"-115.324660063"	"Food, Coffee & Tea"	"7022568954, +17022568954"	"5:0-20:0"	"5:0-20:0"	"5:0-20:0"	"5:0-20:0"	"5:0-20:0"	"5:0-20:0"	"5:0-20:0"	  0	0.000000e+00	144	 0.0	 0	 0	 0	  0.0	
"Google"	"Come As You Are Co-operative Warehouse"	"Toronto"	"Toronto"	"ON"		"Canada"	"43.6374217"	"-79.4750466"	"shopping"	"+14165047934"	""	""	""	""	""	""	""	 85	2.322894e+01	152	42.5	10	 0	20	 72.5	MATCHED
"Facebook"	"Come As You Are Co-operative"	"6 Ripley Ave"	"Toronto"	"ON"	"M6s3n9"	"Canada"	"43.63737"	"-79.47492"	"Local Business"	"8885047934"	""	""	""	""	""	""	""	100	1.160736e+01	152	50.0	15	10	 0	 75.0	MATCHED
"Yelp"	"Come As You Are Co-operative"	"2-6 Ripley Avenue"	"Toronto"	"ON"	"M6S 3N9"	""	"43.6373037"	"-79.4748088"	"Shopping, Electronics, Books, Mags, Music & Video, Bookstores, Adult, Music & DVDs"	"8885047934, +18885047934"	"11:0-19:0"	"11:0-19:0"	"11:0-19:0"	"11:0-19:0"	"11:0-19:0"	"11:0-19:0"	"11:0-19:0"	  0	0.000000e+00	152	 0.0	 0	 0	 0	  0.0	
"Google"	"Kimpton Tryon Park Hotel"	"303 S Church St"	"Charlotte"	"NC"	"28202"	"USA"	"35.2263336"	"-80.8464414"	"localservices"	"+17044452626"	"Open 24 hours"	"Open 24 hours"	"Open 24 hours"	"Open 24 hours"	"Open 24 hours"	"Open 24 hours"	"Open 24 hours"	100	2.149043e+01	156	50.0	10	10	 0	 70.0	MATCHED
"Facebook"	"Kimpton Tryon Park Hotel"	"303 S. Church Street"	"Charlotte"	"NC"	"28202"	"United States"	"35.2263036"	"-80.846507"	"Hotel"	"7044452626"	""	""	""	""	""	""	""	100	1.523288e+01	156	50.0	15	10	20	 95.0	MATCHED
"Yelp"	"Kimpton Tryon Park Hotel"	"303 S Church St"	"Charlotte"	"NC"	"28202"	""	"35.2263018"	"-80.8466745"	"Hotels, Hotels & Travel, Venues & Event Spaces, Event Planning & Services"	"7044452626, +17044452626"	"0:0-0:0"	"0:0-0:0"	"0:0-0:0"	"0:0-0:0"	"0:0-0:0"	"0:0-0:0"	"0:0-0:0"	  0	0.000000e+00	156	 0.0	 0	 0	 0	  0.0	
"Google"	"Dipped Auto Works"	"7355 S Valley View Blvd"	"Las Vegas"	"NV"	"89139"	"USA"	"36.056104"	"-115.190703"	"point_of_interest, establishment"	"+17023798716"	"9:00 AM – 6:00 PM"	"9:00 AM – 6:00 PM"	"9:00 AM – 6:00 PM"	"9:00 AM – 6:00 PM"	"9:00 AM – 6:00 PM"	"9:00 AM – 6:00 PM"	"9:00 AM – 6:00 PM"	100	0.000000e+00	157	50.0	20	10	 0	 80.0	MATCHED
"Facebook"	"Dipped Auto Works"	"7355 S. Valley View blvd 89139"	"Las Vegas"	"NV"	"89139"	"United States"	"36.0561"	"-115.19071"	"Business Service, Automotive Customization Shop"	"7023798716"	"09:00-17:00"	"09:00-17:00"	"09:00-17:00"	"09:00-17:00"	"09:00-17:00"	"09:00-17:00"	"09:00-17:00"	100	7.714471e-01	157	50.0	20	10	 0	 80.0	MATCHED
"Yelp"	"Dipped Auto Works"	"7355 S Valley View Blvd"	"Las Vegas"	"NV"	"89139"	""	"36.056104"	"-115.190703"	"Automotive, Auto Detailing, Auto Customization, Wheel & Rim Repair"	"7023798716, +17023798716"	"9:0-19:0"	"9:0-19:0"	"9:0-19:0"	"9:0-19:0"	"9:0-19:0"	"9:0-19:0"	"9:0-19:0"	  0	0.000000e+00	157	 0.0	 0	 0	 0	  0.0	
"Google"	"Popeyes Louisiana Kitchen"	"6985 S Rainbow Blvd"	"Las Vegas"	"NV"	"89118"	"USA"	"36.0617601"	"-115.2433199"	"restaurants"	"+17022211462"	"10:00 AM – 11:00 PM"	"10:00 AM – 11:00 PM"	"10:00 AM – 11:00 PM"	"10:00 AM – 11:00 PM"	"10:00 AM – 11:00 PM"	"10:00 AM – 11:00 PM"	"10:00 AM – 11:00 PM"	100	2.408767e+01	161	50.0	10	10	20	 90.0	MATCHED
"Facebook"	"Popeyes® Louisiana Kitchen"	"6985 S Rainbow Blvd"	"Spring Valley"	"NV"	"89118"	"United States"	"36.061825635"	"-115.243234677"	"Chicken Joint"	"7022211462"	""	""	""	""	""	""	""	100	2.737480e+01	161	50.0	10	10	 0	 70.0	MATCHED
"Yelp"	"Popeyes Louisiana Kitchen"	"6985 S Rainbow Blvd"	"Las Vegas"	"NV"	"89118"	""	"36.0615876"	"-115.2431583"	"Chicken Wings, Restaurants, Fast Food, Southern"	"7022211462, +17022211462"	"10:0-23:0"	"10:0-23:0"	"10:0-23:0"	"10:0-23:0"	"10:0-23:0"	"10:0-23:0"	"10:0-23:0"	  0	0.000000e+00	161	 0.0	 0	 0	 0	  0.0	
"Google"	"Verizon"	"4610 E Washington Ave"	"Madison"	"WI"	"53704"	"USA"	"43.1299629"	"-89.3066496"	"shopping"	"+16082491435"	"10:00 AM – 8:00 PM"	"10:00 AM – 8:00 PM"	"10:00 AM – 8:00 PM"	"10:00 AM – 8:00 PM"	"10:00 AM – 8:00 PM"	"10:00 AM – 8:00 PM"	"11:00 AM – 6:00 PM"	100	2.519984e+00	173	50.0	20	10	 0	 80.0	MATCHED
"Facebook"	"Verizon"	"4610 E Washington Ave"	"Madison"	"WI"	"53704"	"United States"	"43.129959124175"	"-89.306611146294"	"Mobile Phone Shop, Electronics Store"	"6082491435"	"10:00-20:00"	"10:00-20:00"	"10:00-20:00"	"10:00-20:00"	"10:00-20:00"	"10:00-20:00"	"11:00-18:00"	100	5.611108e+00	173	50.0	20	10	 0	 80.0	MATCHED
"Yelp"	"Verizon"	"4610 E Washington Ave"	"Madison"	"WI"	"53704"	""	"43.129972323"	"-89.3066778034"	"Professional Services, Internet Service Providers, Mobile Phones, Shopping, Electronics, Home Services"	"6082491435, +16082491435"	"10:0-20:0"	"10:0-20:0"	"11:0-17:0"	"10:0-20:0"	"10:0-20:0"	"10:0-20:0"	"10:0-20:0"	  0	0.000000e+00	173	 0.0	 0	 0	 0	  0.0	
"Google"	"The Commonplace Coffeehouse"	"5827 Forbes Ave"	"Pittsburgh"	"PA"	"15217"	"USA"	"40.4381928"	"-79.921914"	"restaurants, shopping"	"+14124220404"	"7:00 AM – 8:00 PM"	"7:00 AM – 8:00 PM"	"7:00 AM – 8:00 PM"	"7:00 AM – 8:00 PM"	"7:00 AM – 8:00 PM"	"8:00 AM – 8:00 PM"	"8:00 AM – 8:00 PM"	 80	7.498943e+00	177	40.0	20	10	 0	 70.0	MATCHED
"Facebook"	"The Commonplace Coffee Co."	"5827 Forbes Avenue"	"Pittsburgh"	"PA"	"15217"	"United States"	"40.4382"	"-79.9219"	"Coffee Shop"	"4124220404"	"07:00-20:00"	"07:00-20:00"	"07:00-20:00"	"07:00-20:00"	"07:00-20:00"	"08:00-20:00"	"08:00-20:00"	 84	7.355019e+00	177	42.0	20	10	20	 92.0	MATCHED
"Yelp"	"Commonplace Coffee"	"5827 Forbes Ave"	"Pittsburgh"	"PA"	"15217"	""	"40.4382549"	"-79.9219483"	"Coffee & Tea, Food"	"4124220404, +14124220404"	"7:0-20:0"	"7:0-20:0"	"7:0-20:0"	"7:0-20:0"	"7:0-20:0"	"8:0-20:0"	"7:0-20:0"	  0	0.000000e+00	177	 0.0	 0	 0	 0	  0.0	
"Google"	"Fany's Tailor Alteration Dry Cleaning"	"3370 S Hualapai Way"	"Las Vegas"	"NV"	"89117"	"USA"	"36.1284289"	"-115.314551"	"localservices"	"+17028383584"	"7:00 AM – 8:00 PM"	"7:00 AM – 8:00 PM"	"7:00 AM – 8:00 PM"	"7:00 AM – 8:00 PM"	"7:00 AM – 8:00 PM"	"8:00 AM – 6:00 PM"	"10:00 AM – 5:00 PM"	 83	9.809605e+00	223	41.5	20	10	20	 91.5	MATCHED
"Facebook"	"Fany's Tailor & Dry Cleaning"	"3370 S Hualapai Way Ste 130"	"Las Vegas"	"NV"	"89117"	"United States"	"36.1284294"	"-115.3145599"	"Dry Cleaner"	"7028383584"	""	""	""	""	""	""	""	100	1.054121e+01	223	50.0	15	10	 0	 75.0	MATCHED
"Yelp"	"Fany's Tailor & Dry Cleaning"	"3370 S Hualapai Way, Ste 130"	"Las Vegas"	"NV"	"89117"	""	"36.128386"	"-115.3144557"	"Sewing & Alterations, Local Services, Dry Cleaning, Laundry Services, Dry Cleaning & Laundry"	"7028383584, +17028383584"	"7:0-19:0"	"7:0-19:0"	"7:0-19:0"	"7:0-19:0"	"7:0-19:0"	"8:0-17:0"	"7:0-19:0"	  0	0.000000e+00	223	 0.0	 0	 0	 0	  0.0	
"Google"	"Sandy's Frozen Whip"	"17635 Lakeshore Blvd"	"Cleveland"	"OH"	"44119"	"USA"	"41.5841245"	"-81.5573891"	"shopping"	"+12165319400"	"10:00 AM – 10:00 PM"	"10:00 AM – 10:00 PM"	"10:00 AM – 10:00 PM"	"10:00 AM – 10:00 PM"	"10:00 AM – 10:00 PM"	"10:00 AM – 10:00 PM"	"10:00 AM – 10:00 PM"	100	2.687822e+00	241	50.0	20	10	 0	 80.0	MATCHED
"Facebook"	"Sandys frozen whip"	"17635 Lakeshore Blvd"	"Cleveland"	"OH"	"44119"	"United States"	"41.58413"	"-81.5574"	"Ice Cream Shop, Hot Dog Joint, Grocery Store"	"2165319400"	"10:00-22:00"	"10:00-22:00"	"10:00-22:00"	"10:00-22:00"	"10:00-22:00"	"10:00-22:00"	"00:00-22:00"	 92	1.914713e+00	241	46.0	20	10	20	 96.0	MATCHED
"Yelp"	"Sandy's Frozen Whip"	"17635 Lake Shore Blvd"	"Cleveland"	"OH"	"44119"	""	"41.5841472"	"-81.5574001"	"Food, Ice Cream & Frozen Yogurt"	"2165319400, +12165319400"	"10:0-22:0"	"10:0-22:0"	"10:0-22:0"	"10:0-22:0"	"10:0-22:0"	"10:0-22:0"	"10:0-22:0"	  0	0.000000e+00	241	 0.0	 0	 0	 0	  0.0	
"Google"	"Regal Cinemas Village Square 18"	"9400 W Sahara Ave"	"Las Vegas"	"NV"	"89117"	"USA"	"36.1471696"	"-115.3004098"	"arts"	"+18444627342"	"11:00 AM – 11:30 PM"	"11:00 AM – 11:30 PM"	"11:00 AM – 11:30 PM"	"11:00 AM – 11:30 PM"	"11:00 AM – 11:30 PM"	"11:00 AM – 11:30 PM"	"11:00 AM – 11:30 PM"	100	2.737094e+01	266	50.0	10	10	20	 90.0	MATCHED
"Facebook"	"Regal Cinemas Village Square 18"	"9400 W. Sahara Ave."	"Las Vegas"	"NV"	"89117"	"United States"	"36.147166"	"-115.300409"	"Movie Theater"	"8444627342"	"11:00-23:30"	"11:00-23:30"	"11:00-23:30"	"11:00-23:30"	"11:00-23:30"	"11:00-23:30"	"11:00-23:30"	100	2.772525e+01	266	50.0	10	10	 0	 70.0	MATCHED
"Yelp"	"Regal Cinemas Village Square 18"	"9400 W Sahara Ave"	"Las Vegas"	"NV"	"89117"	""	"36.1474013"	"-115.3003079"	"Cinema, Arts & Entertainment"	"8444627342, +18444627342"	"11:0-23:0"	"11:0-23:0"	"11:0-23:0"	"11:0-23:0"	"11:0-23:0"	"11:0-23:0"	"11:0-23:0"	  0	0.000000e+00	266	 0.0	 0	 0	 0	  0.0	
"Google"	"Firestone Complete Auto Care"	"6901 N Durango Dr"	"Las Vegas"	"NV"	"89149"	"USA"	"36.2853511"	"-115.2885276"	"auto, shopping"	"+17027269653"	"7:00 AM – 7:00 PM"	"7:00 AM – 7:00 PM"	"7:00 AM – 7:00 PM"	"7:00 AM – 7:00 PM"	"7:00 AM – 7:00 PM"	"7:00 AM – 6:00 PM"	"8:00 AM – 5:00 PM"	100	1.792055e+01	278	50.0	15	10	20	 95.0	MATCHED
"Facebook"	"Firestone Complete Auto Care"	"6901 N Durango Dr"	"Las Vegas"	"NV"	"89149"	"United States"	"36.285340031288"	"-115.28849152972"	"Tire Dealer & Repair Shop, Automotive Repair Shop"	"7027269653"	""	""	""	""	""	""	""	100	1.471578e+01	278	50.0	15	10	 0	 75.0	MATCHED
"Yelp"	"Firestone Complete Auto Care"	"6901 N Durango Dr"	"Las Vegas"	"NV"	"89149"	""	"36.2852456632"	"-115.288376685"	"Automotive, Auto Parts & Supplies, Auto Repair, Tires, Oil Change Stations"	"7027269653, +17027269653"	"7:0-20:0"	"7:0-20:0"	"7:0-20:0"	"7:0-20:0"	"7:0-20:0"	"7:0-19:0"	"7:0-20:0"	  0	0.000000e+00	278	 0.0	 0	 0	 0	  0.0	
"Google"	"Downtown Home Inn"	"2 Monteith St"	"Toronto"	"ON"	"M4Y"	"Canada"	"43.6670366"	"-79.3810644"	"localservices"	"+18772710182"	"9:00 AM – 9:30 PM"	"9:00 AM – 9:30 PM"	"9:00 AM – 9:30 PM"	"9:00 AM – 9:30 PM"	"9:00 AM – 9:30 PM"	"9:00 AM – 9:30 PM"	"9:00 AM – 9:30 PM"	100	8.430359e+00	279	50.0	20	 0	 0	 70.0	MATCHED
"Facebook"	"Downtown Home Inn"	"2 monteith street"	"Toronto"	"ON"	"m4y 1k7"	"Canada"	"43.66703"	"-79.38102"	"Hotel, Bed and Breakfast"	"6473421010"	""	""	""	""	""	""	""	100	6.155254e+00	279	50.0	20	10	20	100.0	MATCHED
"Yelp"	"Downtown Home Inn"	"2 Monteith Street"	"Toronto"	"ON"	"M4Y"	""	"43.6669764968"	"-79.3810007059"	"Hotels & Travel, Bed & Breakfast"	"6473421010, +16473421010"	"8:0-21:0"	"8:0-21:0"	"8:0-21:0"	"8:0-21:0"	"8:0-21:0"	"8:0-21:0"	"8:0-21:0"	  0	0.000000e+00	279	 0.0	 0	 0	 0	  0.0	
"Google"	"Coextro"	"1445 Bonhill Rd #9"	"Mississauga"	"ON"	"L5T"	"Canada"	"43.6604611"	"-79.6529297"	"point_of_interest, establishment"	"+16476937686"	"9:00 AM – 7:00 PM"	"9:00 AM – 7:00 PM"	"9:00 AM – 7:00 PM"	"9:00 AM – 7:00 PM"	"9:00 AM – 7:00 PM"	"10:00 AM – 6:00 PM"	"10:00 AM – 6:00 PM"	100	2.641059e+01	295	50.0	10	10	 0	 70.0	MATCHED
"Facebook"	"Coextro"	"1445 Bonhill Road, Unit 9"	"Mississauga"	"ON"	"L5T 1V3"	"Canada"	"43.66075"	"-79.65215"	"Internet Service Provider, Telecommunication Company"	"885529516"	"09:00-19:00"	"09:00-19:00"	"09:00-19:00"	"09:00-19:00"	"09:00-19:00"	"10:00-18:00"	"10:00-18:00"	100	4.581825e+01	295	50.0	 2	 0	20	 72.0	MATCHED
"Yelp"	"Coextro"	"1445 Bonhill Road, Unit 9"	"Mississauga"	"ON"	"L5T 1V3"	""	"43.6606244"	"-79.6526918"	"Internet Service Providers, Home Services, Professional Services"	"6476937686, +16476937686"	"9:0-19:0"	"9:0-19:0"	"9:0-19:0"	"9:0-19:0"	"9:0-19:0"	"10:0-18:0"	"9:0-19:0"	  0	0.000000e+00	295	 0.0	 0	 0	 0	  0.0	
"Google"	"Ella's Uncle"	"916 Dundas St W"	"Toronto"	"ON"	"M6J"	"Canada"	"43.6510771"	"-79.4125794"	"restaurants"	"+14167038881"	"7:00 AM – 6:00 PM"	"7:00 AM – 6:00 PM"	"7:00 AM – 6:00 PM"	"7:00 AM – 6:00 PM"	"7:00 AM – 6:00 PM"	"8:00 AM – 6:00 PM"	"8:00 AM – 6:00 PM"	100	1.127644e+00	301	50.0	20	10	 0	 80.0	MATCHED
"Facebook"	"Ella's Uncle"	"916 Dundas Street West (at Bellwoods) Toronto, Ontario   M6J 1W1"	"Toronto"	"ON"	"M4M 1R3"	"Canada"	"43.65108"	"-79.41253"	"Coffee Shop"	"167038881"	"07:00-18:00"	"07:00-18:00"	"07:00-18:00"	"07:00-18:00"	"07:00-18:00"	"09:00-18:00"	"09:00-18:00"	100	5.116809e+00	301	50.0	20	 0	20	 90.0	MATCHED
"Yelp"	"Ella's Uncle"	"916 Dundas St W"	"Toronto"	"ON"	"M6J 1W1"	""	"43.6510771"	"-79.4125934"	"Food, Bakeries, Coffee & Tea"	"4167038881, +14167038881"	"7:0-18:0"	"7:0-18:0"	"7:0-18:0"	"7:0-18:0"	"7:0-18:0"	"9:0-18:0"	"7:0-18:0"	  0	0.000000e+00	301	 0.0	 0	 0	 0	  0.0	
"Google"	"Yoga Sangha"	"700 Rue Saint Antoine E #110"	"Montréal"	"QC"	"H2Y"	"Canada"	"45.5124214"	"-73.5531614"	"active, health"	"+15144991726"	"9:30 AM – 9:30 PM"	"9:30 AM – 9:30 PM"	"9:30 AM – 9:30 PM"	"9:30 AM – 9:30 PM"	"9:30 AM – 9:30 PM"	"9:30 AM – 7:00 PM"	"9:30 AM – 8:00 PM"	100	1.776173e+01	309	50.0	15	10	20	 95.0	MATCHED
"Facebook"	"Yoga Sangha"	"700 Saint-Antoine E."	"Montreal"	"QC"	"H2Y 1A6"	"Canada"	"45.512467109933"	"-73.55331659317"	"Yoga Studio"	"144991726"	"09:30-20:30"	"07:15-20:30"	"09:30-20:30"	"07:30-20:30"	"09:30-20:30"	"08:30-17:30"	"09:30-19:30"	100	9.235193e+00	309	50.0	20	 0	 0	 70.0	MATCHED
"Yelp"	"Yoga Sangha"	"700 Rue Saint-Antoine E"	"Montréal"	"QC"	"H2Y 1A6"	""	"45.5125490436"	"-73.5532980183"	"Yoga, Active Life, Fitness & Instruction"	"5144991726, +15144991726"	"9:30-20:30"	"9:30-20:30"	"9:30-20:30"	"9:30-20:30"	"9:30-20:30"	"9:30-18:30"	"9:30-20:30"	  0	0.000000e+00	309	 0.0	 0	 0	 0	  0.0	
"Google"	"Mariana's Supermarket"	"4151 S Eastern Ave"	"Las Vegas"	"NV"	"89119"	"USA"	"36.11321"	"-115.120534"	"shopping, shopping"	"+17028949090"	"6:00 AM – 11:00 PM"	"6:00 AM – 11:00 PM"	"6:00 AM – 11:00 PM"	"6:00 AM – 11:00 PM"	"6:00 AM – 11:00 PM"	"6:00 AM – 11:00 PM"	"6:00 AM – 11:00 PM"	100	6.176437e+00	316	50.0	20	10	 0	 80.0	MATCHED
"Facebook"	"Marianas Supermarket"	"4151 S Eastern Ave"	"Las Vegas"	"NV"	"89119"	"United States"	"36.113103968732"	"-115.12049436173"	"Grocery Store, Deli"	"7028949090"	"06:00-23:00"	"06:00-23:00"	"06:00-23:00"	"06:00-23:00"	"06:00-23:00"	"06:00-23:00"	"06:00-23:00"	 98	1.730883e+01	316	49.0	15	10	20	 94.0	MATCHED
"Yelp"	"Mariana's Supermarket"	"4151 S Eastern Ave"	"Las Vegas"	"NV"	"89119"	""	"36.113237"	"-115.120594"	"Food, Grocery"	"7028949090, +17028949090"	"6:0-23:0"	"6:0-23:0"	"6:0-23:0"	"6:0-23:0"	"6:0-23:0"	"6:0-23:0"	"6:0-23:0"	  0	0.000000e+00	316	 0.0	 0	 0	 0	  0.0	
"Google"	"AutoZone Auto Parts"	"3455 S Decatur Blvd"	"Las Vegas"	"NV"	"89102"	"USA"	"36.1265894"	"-115.2087206"	"auto, shopping"	"+17023621540"	"Open 24 hours"	"Open 24 hours"	"Open 24 hours"	"Open 24 hours"	"Open 24 hours"	"Open 24 hours"	"Open 24 hours"	 59	5.173478e+00	317	29.5	20	10	20	 79.5	MATCHED
"Facebook"	"AutoZone"	"3455 S Decatur"	"Las Vegas"	"NV"	"89102"	"United States"	"36.126615223513"	"-115.20869061713"	"Automotive Parts Store"	"7023621540"	""	""	""	""	""	""	""	100	1.654545e+00	317	50.0	20	10	 0	 80.0	MATCHED
"Yelp"	"Autozone"	"3455 S Decatur Blvd"	"Las Vegas"	"NV"	"89102"	""	"36.12663"	"-115.2086926"	"Auto Repair, Auto Parts & Supplies, Automotive"	"7023621540, +17023621540"	"0:0-0:0"	"0:0-0:0"	"0:0-0:0"	"0:0-0:0"	"0:0-0:0"	"0:0-0:0"	"0:0-0:0"	  0	0.000000e+00	317	 0.0	 0	 0	 0	  0.0	
"Google"	"Books-A-Million"	"14151 Steele Creek Rd #200"	"Charlotte"	"NC"	"28273"	"USA"	"35.101237"	"-80.9867542"	"shopping, shopping, shopping"	"+17045831280"	"10:00 AM – 9:00 PM"	"10:00 AM – 9:00 PM"	"10:00 AM – 9:00 PM"	"10:00 AM – 9:00 PM"	"10:00 AM – 9:00 PM"	"10:00 AM – 9:00 PM"	"10:00 AM – 9:00 PM"	100	8.178998e+00	337	50.0	20	10	20	100.0	MATCHED
"Facebook"	"Books-A-Million"	"14151 Steele Creek Rd, Ste 200"	"Charlotte"	"NC"	"28273"	"United States"	"35.101381058614"	"-80.986557883148"	"Bookstore"	"7045831280"	""	""	""	""	""	""	""	100	1.673141e+01	337	50.0	15	10	 0	 75.0	MATCHED
"Yelp"	"Books-A-Million"	"14151 Steele Creek Rd"	"Charlotte"	"NC"	"28273"	""	"35.1013030778"	"-80.9867149336"	"Books, Mags, Music & Video, Shopping"	"7045831280, +17045831280"	"10:0-21:0"	"10:0-21:0"	"10:0-21:0"	"10:0-21:0"	"10:0-21:0"	"10:0-21:0"	"10:0-21:0"	  0	0.000000e+00	337	 0.0	 0	 0	 0	  0.0	
"Google"	"Jamba Juice"	"1121 S Decatur Blvd Ste.. 110"	"Las Vegas"	"NV"	"89102"	"USA"	"36.158297"	"-115.205363"	"restaurants"	"+17023879630"	"7:00 AM – 8:00 PM"	"7:00 AM – 8:00 PM"	"7:00 AM – 8:00 PM"	"7:00 AM – 8:00 PM"	"7:00 AM – 8:00 PM"	"7:00 AM – 8:00 PM"	"9:00 AM – 7:00 PM"	100	2.017238e+01	342	50.0	10	10	 0	 70.0	MATCHED
"Facebook"	"Jamba Juice Westland Fair"	"1121 S Decatur Blvd.,, Ste.. 110"	"Las Vegas"	"NV"	"89102"	"United States"	"36.158297"	"-115.205363"	"Smoothie & Juice Bar, Restaurant"	"7023879630"	"07:00-20:00"	"07:00-20:00"	"07:00-20:00"	"07:00-20:00"	"07:00-20:00"	"07:00-20:00"	"09:00-19:00"	 61	2.017238e+01	342	30.5	10	10	20	 70.5	MATCHED
"Yelp"	"Jamba Juice"	"1121 S Decatur Blvd, Ste 110"	"Las Vegas"	"NV"	"89102"	""	"36.1584047"	"-115.2051825"	"Juice Bars & Smoothies, Food"	"7023879630, +17023879630"	"7:0-20:0"	"7:0-20:0"	"7:0-20:0"	"7:0-20:0"	"7:0-20:0"	"7:0-20:0"	"7:0-20:0"	  0	0.000000e+00	342	 0.0	 0	 0	 0	  0.0	
"Google"	"GameStop"	"7950 W Tropical Pkwy STE 130"	"Las Vegas"	"NV"	"89149"	"USA"	"36.2708189"	"-115.2687958"	"shopping, shopping"	"+17023953587"	"10:00 AM – 9:00 PM"	"10:00 AM – 9:00 PM"	"10:00 AM – 9:00 PM"	"10:00 AM – 9:00 PM"	"10:00 AM – 9:00 PM"	"10:00 AM – 9:00 PM"	"11:00 AM – 6:00 PM"	100	8.481195e+00	351	50.0	20	10	20	100.0	MATCHED
"Facebook"	"GameStop"	"7910 W Tropical Pkwy"	"Las Vegas"	"NV"	"89149"	"United States"	"36.270811282667"	"-115.26878803968"	"Video Game"	"7023953587"	""	""	""	""	""	""	""	100	8.264307e+00	351	50.0	20	10	 0	 80.0	MATCHED
"Yelp"	"Gamestop"	"7950 W Tropical Pkwy"	"Las Vegas"	"NV"	"89149"	""	"36.2708503"	"-115.2687097"	"Books, Mags, Music & Video, Shopping, Videos & Video Game Rental"	"7023953587, +17023953587"	"10:0-21:0"	"10:0-21:0"	"10:0-21:0"	"10:0-21:0"	"10:0-21:0"	"10:0-21:0"	"10:0-21:0"	  0	0.000000e+00	351	 0.0	 0	 0	 0	  0.0	
"Google"	"Cyclops Cafe"	"567 Lincoln Ave"	"Bellevue"	"PA"	"15202"	"USA"	"40.4964963"	"-80.0578949"	"restaurants, shopping"	"+14129969168"	"7:00 AM – 7:00 PM"	"7:00 AM – 9:00 PM"	"7:00 AM – 7:00 PM"	"7:00 AM – 9:00 PM"	"7:00 AM – 6:00 PM"	"9:00 AM – 5:00 PM"	"Closed"	100	1.113195e-02	372	50.0	20	10	 0	 80.0	MATCHED
"Facebook"	"Cyclops Cafe"	"567 Lincoln Avenue"	"Pittsburgh"	"PA"	"15202"	"United States"	"40.49648"	"-80.05792"	"Coffee Shop"	"4125013029"	"07:00-19:00"	"07:00-21:00"	"07:00-19:00"	"07:00-21:00"	"07:00-18:00"	"09:00-17:00"	"NA-NA"	100	2.786905e+00	372	50.0	20	 0	20	 90.0	MATCHED
"Yelp"	"Cyclops Cafe"	"567 Lincoln Ave"	"Bellevue"	"PA"	"15202"	""	"40.4964962"	"-80.0578949"	"Beer, Wine & Spirits, Coffee & Tea, Food"	"4129969168, +14129969168"	"6:30-21:0"	"6:30-21:0"	"6:30-21:0"	"6:30-21:0"	"6:30-21:0"	"9:0-20:0"	"6:30-21:0"	  0	0.000000e+00	372	 0.0	 0	 0	 0	  0.0	
"Google"	"Van Hoove Upholstery"	"1302 Western Ave"	"Las Vegas"	"NV"	"89102"	"USA"	"36.1555104"	"-115.1597781"	"shopping, shopping, shopping"	"+17023848504"	"8:00 AM – 4:00 PM"	"8:00 AM – 4:00 PM"	"8:00 AM – 4:00 PM"	"8:00 AM – 4:00 PM"	"8:00 AM – 4:00 PM"	"Closed"	"Closed"	100	0.000000e+00	408	50.0	20	10	 0	 80.0	MATCHED
"Facebook"	"Van Hoove Upholstery"	"1302 Western Ave"	"Las Vegas"	"NV"	"89102"	"United States"	"36.1553883"	"-115.1598128"	"Furniture Store, Furniture Repair & Upholstery Service"	"7023848504"	"08:00-16:00"	"08:00-16:00"	"08:00-16:00"	"08:00-16:00"	"08:00-16:00"	"NA-NA"	"NA-NA"	100	1.394535e+01	408	50.0	15	10	 0	 75.0	MATCHED
"Yelp"	"Van Hoove Upholstery"	"1302 Western Ave"	"Las Vegas"	"NV"	"89102"	""	"36.1555104"	"-115.1597781"	"Local Services, Furniture Reupholstery"	"7023848504, +17023848504"	"8:0-16:0"	"8:0-16:0"	"8:0-16:0"	"8:0-16:0"	"8:0-16:0"	"8:0-13:0"	"8:0-16:0"	  0	0.000000e+00	408	 0.0	 0	 0	 0	  0.0	
"Google"	"Rivers Club"	"301 Grant St #411"	"Pittsburgh"	"PA"	"15219"	"USA"	"40.4380007"	"-79.998493"	"active, health, restaurants"	"+14123915227"	"5:30 AM – 10:00 PM"	"5:30 AM – 10:00 PM"	"5:30 – 10:00 AM"	"5:30 AM – 10:00 PM"	"5:30 AM – 10:00 PM"	"8:30 AM – 10:00 PM"	"8:30 AM – 10:00 PM"	100	4.160854e-03	417	50.0	20	10	20	100.0	MATCHED
"Facebook"	"Rivers Club"	"301 Grant Street, Suite 411"	"Pittsburgh"	"PA"	"15219"	"United States"	"40.438000663232"	"-79.998492991402"	"Event, Gym/Physical Fitness Center, Restaurant, Public Swimming Pool"	"4123915227"	"05:30-22:00"	"05:30-22:00"	"05:30-22:00"	"05:30-22:00"	"05:30-22:00"	"08:30-22:00"	"08:30-22:00"	100	3.566546e-06	417	50.0	20	10	 0	 80.0	MATCHED
"Yelp"	"Rivers Club"	"301 Grant St, Ste 411, One Oxford Centre"	"Pittsburgh"	"PA"	"15219"	""	"40.4380006632"	"-79.9984929914"	"Venues & Event Spaces, Event Planning & Services, Sports Clubs, Arts & Entertainment, American (Traditional), Gyms, Active Life, Music Venues, Jazz & Blues, Fitness & Instruction, Social Clubs, Nightlife, Restaurants"	"4123915227, +14123915227"	"7:0-15:0"	"7:0-20:0"	"7:0-20:0"	"7:0-20:0"	"7:0-20:0"	"8:30-15:30"	"7:0-15:0"	  0	0.000000e+00	417	 0.0	 0	 0	 0	  0.0	
"Google"	"Lowe's Home Improvement"	"9955 S Eastern Ave"	"Las Vegas"	"NV"	"89183"	"USA"	"36.0073907"	"-115.1178036"	"shopping, shopping, shopping"	"+17022707400"	"6:00 AM – 9:00 PM"	"6:00 AM – 9:00 PM"	"6:00 AM – 9:00 PM"	"6:00 AM – 9:00 PM"	"6:00 AM – 9:00 PM"	"6:00 AM – 9:00 PM"	"8:00 AM – 7:00 PM"	100	1.646861e+01	427	50.0	15	10	 0	 75.0	MATCHED
"Facebook"	"Lowe's Home Improvement"	"9955 South Eastern Avenue"	"Las Vegas"	"NV"	"89183"	"United States"	"36.007608739178"	"-115.11779067312"	"Home Improvement, Hardware Store, Commercial & Industrial Equipment Supplier, Carpet & Flooring Store, Appliances, Furniture Store, Garden Center"	"7022707400"	"06:00-21:00"	"06:00-21:00"	"06:00-21:00"	"06:00-21:00"	"06:00-21:00"	"06:00-21:00"	"08:00-19:00"	100	2.043374e+01	427	50.0	10	10	20	 90.0	MATCHED
"Yelp"	"Lowe's Home Improvement"	"9955 S Eastern Ave"	"W Henderson"	"NV"	"89123"	""	"36.0074786"	"-115.1179507"	"Lighting Fixtures & Equipment, Building Supplies, Nurseries & Gardening, Shopping, Home & Garden, Hardware Stores, Home Services"	"7022707400, +17022707400"	"6:0-21:0"	"6:0-21:0"	"6:0-21:0"	"6:0-21:0"	"6:0-21:0"	"6:0-21:0"	"6:0-21:0"	  0	0.000000e+00	427	 0.0	 0	 0	 0	  0.0	
"Google"	"Southwest Legal Group"	"2950 ENV-592 Suite I"	"Las Vegas"	"NV"	"89121"	"USA"	"36.1153926"	"-115.1105028"	"professional"	"+17027613360"	"Open 24 hours"	"Open 24 hours"	"Open 24 hours"	"Open 24 hours"	"Open 24 hours"	"Open 24 hours"	"Open 24 hours"	100	1.743948e+01	445	50.0	15	10	20	 95.0	MATCHED
"Facebook"	"Southwest Legal Group"	"2950 E Flamingo Rd"	"Las Vegas"	"NV"	"89121"	"United States"	"36.115444"	"-115.110415"	"Business Service"	"7027613360"	""	""	""	""	""	""	""	100	1.469292e+01	445	50.0	15	10	 0	 75.0	MATCHED
"Yelp"	"Southwest Legal Group"	"2950 E Flamingo Rd, Ste I"	"Las Vegas"	"NV"	"89121"	""	"36.115549"	"-115.110514"	"Lawyers, Professional Services, Personal Injury Law, Workers Compensation Law, Employment Law"	"7027613360, +17027613360"	"0:0-0:0"	"0:0-0:0"	"0:0-0:0"	"0:0-0:0"	"0:0-0:0"	"0:0-0:0"	"0:0-0:0"	  0	0.000000e+00	445	 0.0	 0	 0	 0	  0.0	
"Google"	"Angel's Healing"	"8164 S Las Vegas Blvd"	"Las Vegas"	"NV"	"89123"	"USA"	"36.0412567"	"-115.1716393"	"point_of_interest, establishment"	"+17024364206"	""	""	""	""	""	""	""	100	2.869748e+00	449	50.0	20	10	 0	 80.0	MATCHED
"Facebook"	"Angel's Healing"	"8164 S. Las Vegas Boulevard Suite 102"	"Las Vegas"	"NV"	"89123"	"United States"	"36.041254631"	"-115.171739474"	"Acupuncturist, Massage Service"	"7024364206"	"10:00-21:00"	"10:00-21:00"	"10:00-21:00"	"10:00-21:00"	"10:00-21:00"	"10:00-21:00"	"10:00-21:00"	100	8.209577e+00	449	50.0	20	10	 0	 80.0	MATCHED
"Yelp"	"Angel's Healing"	"8164 S Las Vegas Blvd, Ste 102"	"Las Vegas"	"NV"	"89123"	""	"36.0412797"	"-115.1716537"	"Skin Care, Acupuncture, Weight Loss Centers, Beauty & Spas, Health & Medical, Acne Treatment"	"7024364206, +17024364206"	"11:0-20:0"	"11:0-20:0"	"11:0-20:0"	"11:0-20:0"	"11:0-20:0"	"11:0-20:0"	"11:0-20:0"	  0	0.000000e+00	449	 0.0	 0	 0	 0	  0.0	
"Google"	"Starbucks"	"1233 Avenue Greene"	"Westmount"	"QC"	"H3Z"	"Canada"	"45.4865993"	"-73.5884608"	"restaurants, shopping"	"+15149326430"	"6:30 AM – 10:00 PM"	"6:30 AM – 10:00 PM"	"6:30 AM – 10:00 PM"	"6:30 AM – 10:00 PM"	"6:30 AM – 10:00 PM"	"7:00 AM – 10:00 PM"	"7:00 AM – 9:00 PM"	100	1.402241e+01	486	50.0	15	10	 0	 75.0	MATCHED
"Facebook"	"Starbucks Greene"	"1233 Avenue Greene"	"Montreal"	"QC"	"H3Z 2A4"	"Canada"	"45.486641068463"	"-73.588415459865"	"Coffee Shop, Shopping District"	"149326430"	"06:30-22:00"	"06:30-22:00"	"06:30-22:00"	"06:30-22:00"	"06:30-22:00"	"07:00-22:00"	"07:00-22:00"	 72	1.497858e+01	486	36.0	15	 0	20	 71.0	MATCHED
"Yelp"	"Starbucks"	"1233 Greene Avenue"	"Westmount"	"QC"	"H3Z 2A4"	""	"45.4865269949"	"-73.5883136736"	"Food, Coffee & Tea"	"5149326430, +15149326430"	"6:30-22:0"	"6:30-22:0"	"6:30-22:0"	"6:30-22:0"	"6:30-22:0"	"7:0-22:0"	"6:30-22:0"	  0	0.000000e+00	486	 0.0	 0	 0	 0	  0.0	
"Google"	"Ronald's Donuts"	"4600 Spring Mountain Rd"	"Las Vegas"	"NV"	"89102"	"USA"	"36.1265899"	"-115.2042255"	"food, shopping"	"+17028731032"	"4:00 AM – 4:00 PM"	"4:00 AM – 4:00 PM"	"4:00 AM – 4:00 PM"	"4:00 AM – 4:00 PM"	"4:00 AM – 4:00 PM"	"5:00 AM – 2:00 PM"	"5:00 AM – 2:00 PM"	100	2.982874e+00	487	50.0	20	10	20	100.0	MATCHED
"Facebook"	"Ronalds Doughnuts"	"4600 Spring Mountain Rd"	"Las Vegas"	"NV"	"89102-8711"	"United States"	"36.126510105041"	"-115.20424383996"	"Vegetarian/Vegan Restaurant"	"7028731032"	"04:00-14:00"	"04:00-16:00"	"04:00-16:00"	"04:00-16:00"	"04:00-16:00"	"04:00-16:00"	"05:00-16:00"	 88	6.208628e+00	487	44.0	20	10	 0	 74.0	MATCHED
"Yelp"	"Ronald's Donuts"	"4600 Spring Mountain Rd"	"Las Vegas"	"NV"	"89102"	""	"36.1265632"	"-115.2042227"	"Donuts, Vegan, Restaurants, Food"	"7028731032, +17028731032"	"4:0-16:0"	"4:0-16:0"	"4:0-16:0"	"4:0-16:0"	"4:0-16:0"	"5:0-16:0"	"4:0-16:0"	  0	0.000000e+00	487	 0.0	 0	 0	 0	  0.0	
