Parent,Category,Yelp_category
Airline,Airline Industry Services,hotelstravel
American Restaurant,New American Restaurant,restaurants
Amusement Park Ride,Roller Coaster,active
Amusement,Arcade,arts
Amusement,Bingo Hall,arts
Amusement,Go Karting,active
Amusement,Laser Tag,active
Antiques & Vintage,Antique Store,shopping
Antiques & Vintage,Auction House,shopping
Antiques & Vintage,Flea Market,shopping
Antiques & Vintage,Vintage Store,shopping
Armed Forces,Military Base,
Arts & Entertainment,Amusement,arts
Arts & Entertainment,Amusement Park Ride,active
Arts & Entertainment,Art Gallery,arts
Arts & Entertainment,Bowling Alley,active
Arts & Entertainment,Casino,arts
Arts & Entertainment,Circus,arts
Arts & Entertainment,Comedy Club,nightlife
Arts & Entertainment,Concert Venue,arts
Arts & Entertainment,Movie Theatre,arts
Arts & Entertainment,Museum,arts
Arts & Entertainment,Newspaper,shopping
Arts & Entertainment,Orchestra,arts
Arts & Entertainment,Performance Venue,arts
Arts & Entertainment,Race Track,arts
Arts & Entertainment,Rodeo,arts
Arts & Entertainment,Social Club,arts
Arts & Entertainment,Sports Venue & Stadium,arts
Arts & Entertainment,Symphony,arts
Arts & Entertainment,Theatre,arts
Arts & Entertainment,Theme Park,arts
Arts & Entertainment,Ticket Sales,arts
Arts & Entertainment,Tourist Attraction,arts
Arts & Entertainment,Zoo & Aquarium,active
Arts & Marketing,Advertising Agency,professional
Arts & Marketing,Architect,professional
Arts & Marketing,Art Restoration,localservices
Arts & Marketing,Artistic Services,professional
Arts & Marketing,Broadcasting & Media Production,massmedia
Arts & Marketing,Entertainment Service,arts
Arts & Marketing,Fashion Designer,fashion
Arts & Marketing,Graphic Design,professional
Arts & Marketing,Image Consultant,professional
Arts & Marketing,Market Research Consultant,professional
Arts & Marketing,Marketing Consultant,professional
Arts & Marketing,Modeling Agency,professional
Arts & Marketing,Movie & Television Studio,professional
Arts & Marketing,Music Production,professional
Arts & Marketing,Photographer,eventservices
Arts & Marketing,Photographic Services & Equipment,shopping
Arts & Marketing,Public Relations,professional
Arts & Marketing,Publisher,professional
Arts & Marketing,Screen Printing & Embroidery,shopping
Arts & Marketing,Sports Promoter,professional
Arts & Marketing,Trophies & Engraving,localservices
Arts & Marketing,Web Design,professional
Arts & Marketing,Web Development,professional
Asian Restaurant,Burmese Restaurant,restaurants
Asian Restaurant,Cambodian Restaurant,restaurants
Asian Restaurant,Chinese Restaurant,restaurants
Asian Restaurant,Filipino Restaurant,restaurants
Asian Restaurant,Himalayan Restaurant,restaurants
Asian Restaurant,Japanese Restaurant,restaurants
Asian Restaurant,Korean Restaurant,restaurants
Asian Restaurant,Malaysian Restaurant,restaurants
Asian Restaurant,Mongolian Restaurant,restaurants
Asian Restaurant,Nepalese Restaurant,restaurants
Asian Restaurant,Singaporean Restaurant,restaurants
Asian Restaurant,Taiwanese Restaurant,restaurants
Asian Restaurant,Thai Restaurant,restaurants
Asian Restaurant,Vietnamese Restaurant,restaurants
Automotive,ATVs & Golf Carts,auto
Automotive,Auto Body Shop,auto
Automotive,Auto Glass,auto
Automotive,Automobile Leasing,auto
Automotive,Automotive Consultant,auto
Automotive,Automotive Customizing,auto
Automotive,Automotive Manufacturing,auto
Automotive,Automotive Parts & Accessories,auto
Automotive,Automotive Repair,auto
Automotive,Automotive Restoration,auto
Automotive,Automotive Storage,auto
Automotive,Automotive Trailer Services,auto
Automotive,Automotive Wholesaler,auto
Automotive,Aviation Fuel,auto
Automotive,Boat Dealer,auto
Automotive,Car Dealership,auto
Automotive,Car Parts & Accessories,auto
Automotive,Car Wash & Detailing,auto
Automotive,Commercial Automotive,auto
Automotive,DMV,auto
Automotive,Emergency Roadside Service,auto
Automotive,Emissions Inspection,auto
Automotive,Exotic Car Rental,auto
Automotive,Gas Station,auto
Automotive,Motorcycle Repair,auto
Automotive,Motorcycles,auto
Automotive,Oil Lube & Filter Service,auto
Automotive,Race Cars,auto
Automotive,Railroad,auto
Automotive,Recreational Vehicle Dealer,auto
Automotive,RV Dealership,auto
Automotive,RV Repair,auto
Automotive,Smog Check Station,auto
Automotive,Snowmobiles,auto
Automotive,Tire Dealer,auto
Automotive,Towing Service,auto
Automotive,Trailer Rental,auto
Automotive,Truck Rental,auto
Automotive,Truck Towing,auto
Automotive,Window Service & Repair,auto
Bank,Commercial Bank,financialservices
Bar,Bar & Grill,nightlife
Bar,Dive Bar,nightlife
Bar,Gastropub,restaurants
Bar,Gay Bar,nightlife
Bar,Sports Bar,nightlife
Bar,Tapas Bar & Restaurant,restaurants
Bar,Wine Bar,nightlife
Book Store,Religious Book Store,shopping
Business Services,Advertising Service,professional
Business Services,Business Center,professional
Business Services,Business Consultant,professional
Business Services,Business Supply Service,shopping
Business Services,Chemicals & Gasses,homeservices
Business Services,Cleaning Service,homeservices
Business Services,Computer Services,localservices
Business Services,Copying & Printing,localservices
Business Services,Copywriting Service,homeservices
Business Services,Direct Mail Service,localservices
Business Services,Document Service,homeservices
Business Services,Email Marketing,professional
Business Services,Employment Agency,professional
Business Services,Entertainment Service,professional
Business Services,Environmental Consultant,professional
Business Services,Franchising Service,localservices
Business Services,Glass Products,homeservices
Business Services,Hair & Beauty Supply,beautysvc
Business Services,Handwriting Service,professional
Business Services,Internet Service Provider,homeservices
Business Services,Management Service,homeservices
Business Services,Merchandising Service,professional
Business Services,Office Supplies,shopping
Business Services,Pawn Shop,shopping
Business Services,Printing Service,localservices
Business Services,Recruiter,professional
Business Services,Refrigeration Sales & Service,localservices
Business Services,Secretarial Service,professional
Business Services,Telemarketing Service,professional
Business Services,Translator,professional
Business Services,Transportation Service,professional
Business Services,Waste Management,localservices
Business Services,Writing Service,localservices
Cafe,Cyber Cafe,restaurants
Cafe,Internet Cafe,food
Chicken Restaurant,Chicken Wings,restaurants
Chinese Restaurant,Cantonese Restaurant,restaurants
Church,African Methodist Episcopal Church,religiousorgs
Church,Anglican Church,religiousorgs
Church,Apostolic Church,religiousorgs
Church,Assembly of God,religiousorgs
Church,Baptist Church,religiousorgs
Church,Catholic Church,religiousorgs
Church,Charismatic Church,religiousorgs
Church,Christian Church,religiousorgs
Church,Christian Science Church,religiousorgs
Church,Church of Christ,religiousorgs
Church,Church of God,religiousorgs
Church,Church of Jesus Christ of Latter-day Saints,religiousorgs
Church,Congregational Church,religiousorgs
Church,Eastern Orthodox Church,religiousorgs
Church,Episcopal Church,religiousorgs
Church,Evangelical Church,religiousorgs
Church,Full Gospel Church,religiousorgs
Church,Holiness Church,religiousorgs
Church,Independent Church,religiousorgs
Church,Interdenominational Church,religiousorgs
Church,Kingdom Hall,religiousorgs
Church,Lutheran Church,religiousorgs
Church,Mennonite Church,religiousorgs
Church,Methodist Church,religiousorgs
Church,Nazarene Church,religiousorgs
Church,Nondenominational Church,religiousorgs
Church,Pentecostal Church,religiousorgs
Church,Presbyterian Church,religiousorgs
Church,Seventh Day Adventist Church,religiousorgs
Classes,Cooking Lesson,shopping
Classes,Dance Instruction,education
Classes,Driving School,education
Classes,First Aid Class,education
Classes,Music Lessons & Instruction,education
Classes,Ski & Snowboard School,education
Classes,Sports Instruction,education
Clothing Store,Accessories Store,shopping
Clothing Store,Bridal Shop,shopping
Clothing Store,Children's Clothing Store,shopping
Clothing Store,Costume Shop,shopping
Clothing Store,Formal Wear,shopping
Clothing Store,Men's Clothing Store,shopping
Clothing Store,Shoe Store,shopping
Clothing Store,Sportswear,shopping
Clothing Store,Swimwear,shopping
Clothing Store,Women's Clothing Store,shopping
College & University,Medical School,education
College & University,Technical Institute,education
Commercial & Industrial,Automation Services,homeservices
Commercial & Industrial,Biotechnology,professional
Commercial & Industrial,Commercial & Industrial Equipment,shopping
Commercial & Industrial,Elevator Services,localservices
Commercial & Industrial,Engineering Service,professional
Commercial & Industrial,Fire Protection,homeservices
Commercial & Industrial,Gas & Chemical Service,homeservices
Commercial & Industrial,Ice Machines,localservices
Commercial & Industrial,Manufacturing,professional
Commercial & Industrial,Mattress Manufacturing,professional
Commercial & Industrial,Mattress Wholesale,shopping
Commercial & Industrial,Metals,localservices
Commercial & Industrial,Petroleum Services,localservices
Commercial & Industrial,Plastics,localservices
Commercial & Industrial,Refrigeration,localservices
Commercial & Industrial,Robotics,localservices
Commercial & Industrial,Storage Service,localservices
Commercial & Industrial,Textiles,localservices
Commercial & Industrial,Vending Machine Service,localservices
Commercial & Industrial,Warehouse,localservices
Community & Government,Armed Forces,publicservicesgovt
Community & Government,City Hall,publicservicesgovt
Community & Government,Clubhouse,publicservicesgovt
Community & Government,Community Center,publicservicesgovt
Community & Government,Consulate & Embassy,publicservicesgovt
Community & Government,Convention Center,publicservicesgovt
Community & Government,Courthouse,publicservicesgovt
Community & Government,Education,education
Community & Government,Environmental Conservation,publicservicesgovt
Community & Government,Fire Station,publicservicesgovt
Community & Government,Government Organization,publicservicesgovt
Community & Government,Halfway House,health
Community & Government,Law Enforcement,publicservicesgovt
Community & Government,Library,publicservicesgovt
Community & Government,Lobbyist,publicservicesgovt
Community & Government,Newspaper,shopping
Community & Government,Notary Public,localservices
Community & Government,Organization,publicservicesgovt
Community & Government,Post Office,publicservicesgovt
Community & Government,Prison & Correctional Facility,publicservicesgovt
Community & Government,Public Places & Attractions,publicservicesgovt
Community & Government,Public Services,publicservicesgovt
Community & Government,Religious Center,education
Community & Government,Reproductive Services,health
Community & Government,School,education
Community & Government,Senior Center,active
Computers & Electronics,Computer Store,shopping
Computers & Electronics,Electronics Store,shopping
Computers & Electronics,Video Games,shopping
Convenience Store,Lottery Retailer,shopping
Convenience Store,Tobacco Store,shopping
Discount Store,Outlet Store,shopping
Discount Store,Pawn Shop,shopping
Discount Store,Rent to Own Store,shopping
Discount Store,Thrift or Consignment Store,shopping
Doctor,Allergist,health
Doctor,Allergy Doctor,health
Doctor,Dermatologist,health
Doctor,Family Doctor,health
Doctor,Family Medicine Practice,health
Doctor,Internal Medicine,health
Doctor,OBGYN,health
Doctor,Oncologist,health
Doctor,Ophthalmologist,health
Doctor,Optometrist,health
Doctor,Otolaryngologist,health
Doctor,Pediatrics,health
Doctor,Plastic Surgery,health
Doctor,Podiatrist,health
Doctor,Psychologist,health
Education,Active Life,active
Education,Admissions Training,education
Education,Adult Education,education
Education,Art School,education
Education,Athletic Education,education
Education,Aviation School,education
Education,Classes,education
Education,College & University,education
Education,Computer Training,education
Education,Culinary School,education
Education,Educational Camp,education
Education,Educational Consultant,education
Education,Educational Organization,education
Education,Educational Research,education
Education,Educational Service,education
Education,Educational Supplies,education
Education,Exchange Program,education
Education,Financial Aid,financialservices
Education,Language School,education
Education,Local Education,education
Education,Performing Arts Education,education
Education,Preschool,education
Education,Private School,education
Education,Public School,education
Education,Religious School,education
Education,School,education
Education,School Fundraiser,education
Education,Sorority & Fraternity,education
Education,Specialty School,education
Education,Trade School,education
Education,Traffic School,education
Education,Tutoring,education
Electronic Equipment Service,Audiovisual Equipment,eventservices
Event Planning,Bands & Musicians,eventservices
Event Planning,Bartending Service,eventservices
Event Planning,Caterer,eventservices
Event Planning,DJ,eventservices
Event Planning,Entertainer,eventservices
Event Planning,Event Planner,eventservices
Event Planning,Event Venue,eventservices
Event Planning,Party Supplies,eventservices
Event Planning,Wedding Planning,eventservices
Financial Services,Accountant,professional
Financial Services,Appraiser,localservices
Financial Services,Bail Bonds,localservices
Financial Services,Bank,financialservices
Financial Services,Brokers & Franchising,professional
Financial Services,Cash Advance Service,financialservices
Financial Services,Collection Agency,financialservices
Financial Services,Credit Counseling,financialservices
Financial Services,Currency Exchange,financialservices
Financial Services,Estate Planning,professional
Financial Services,Financial Planning,financialservices
Financial Services,Insurance Agent,financialservices
Financial Services,Insurance Broker,financialservices
Financial Services,Investing Service,financialservices
Financial Services,Loans,financialservices
Financial Services,Mortgage Brokers,homeservices
Financial Services,Tax Preparation,financialservices
Food & Grocery,Brewery,food
Food & Grocery,Butcher,food
Food & Grocery,Candy Store,food
Food & Grocery,Convenience Store,food
Food & Grocery,Cupcake Shop,food
Food & Grocery,Deli,restaurants
Food & Grocery,Ethnic Grocery Store,food
Food & Grocery,Farmers Market,food
Food & Grocery,Fruit & Vegetable Store,food
Food & Grocery,Grocery Store,food
Food & Grocery,Health Food Store,food
Food & Grocery,Liquor Store,food
Food & Grocery,Market,food
Food & Grocery,Meat Shop,food
Food & Grocery,Specialty Grocery Store,food
Food & Restaurant,Bakery,food
Food & Restaurant,Beer Garden,food
Food & Restaurant,Brewery,food
Food & Restaurant,Cafe,restaurants
Food & Restaurant,Cafeteria,restaurants
Food & Restaurant,Coffee Shop,food
Food & Restaurant,Cupcake Shop,food
Food & Restaurant,Donuts & Bagels,food
Food & Restaurant,Farmers Market,food
Food & Restaurant,Food Stand,restaurants
Food & Restaurant,Frozen Yogurt Shop,food
Food & Restaurant,Ice Cream Parlor,food
Food & Restaurant,Restaurant,restaurants
Food & Restaurant,Restaurant Wholesale,professional
Food & Restaurant,Salad Bar,restaurants
Food & Restaurant,Smoothie & Juice Bar,food
Food & Restaurant,Sports Bar,nightlife
Food & Restaurant,Tea Room,food
Food Stand,Hot Dog Stand,restaurants
Furniture Store,Furniture Repair,shopping
Gift Shop,Collectibles Store,shopping
Gift Shop,Cultural Gifts Store,shopping
Gift Shop,Seasonal Store,shopping
Hair Removal,Laser Hair Removal,beautysvc
Home Improvement,Appliances,localservices
Home Improvement,Appliances,localservices
Home Improvement,Blinds & Curtains,homeservices
Home Improvement,Cabinets & Countertops,homeservices
Home Improvement,Carpenter,homeservices
Home Improvement,Carpet & Flooring Store,homeservices
Home Improvement,Carpet Cleaner,localservices
Home Improvement,Cleaning Service,localservices
Home Improvement,Concrete Contractor,homeservices
Home Improvement,Construction Service & Supply,localservices
Home Improvement,Contractor,homeservices
Home Improvement,Damage Restoration Service,homeservices
Home Improvement,Deck & Patio,homeservices
Home Improvement,Electrician,homeservices
Home Improvement,Excavation & Wrecking,homeservices
Home Improvement,Fireplaces,homeservices
Home Improvement,Fireproofing,homeservices
Home Improvement,Garage Door Services,homeservices
Home Improvement,Garden Center,homeservices
Home Improvement,Gardener,homeservices
Home Improvement,Glass Service,homeservices
Home Improvement,Hardware & Tools Service,shopping
Home Improvement,Hardware Store,shopping
Home Improvement,Heating Ventilating & Air Conditioning,homeservices
Home Improvement,Home Cleaning,homeservices
Home Improvement,Home Decor,homeservices
Home Improvement,Home Inspection,homeservices
Home Improvement,Home Security,homeservices
Home Improvement,Home Theater Store,homeservices
Home Improvement,Home Window Service,homeservices
Home Improvement,Housewares,homeservices
Home Improvement,Interior Designer,homeservices
Home Improvement,Kitchen Construction,homeservices
Home Improvement,Kitchen Supplies,homeservices
Home Improvement,Landscaping,homeservices
Home Improvement,Lighting Fixtures,homeservices
Home Improvement,Locksmith,homeservices
Home Improvement,Masonry,homeservices
Home Improvement,Mattresses & Bedding,homeservices
Home Improvement,Mobile Homes,homeservices
Home Improvement,Mover,homeservices
Home Improvement,Painter,homeservices
Home Improvement,Paving & Asphalt Service,homeservices
Home Improvement,Pest Control,localservices
Home Improvement,Plumber,homeservices
Home Improvement,Portable Building Service,localservices
Home Improvement,Portable Toilet Rentals,localservices
Home Improvement,Property Management,realestate
Home Improvement,Roofer,realestate
Home Improvement,Sewer Service,localservices
Home Improvement,Solar Energy Service,realestate
Home Improvement,Storage,homeservices
Home Improvement,Surveyor,realestate
Home Improvement,Swimming Pool Maintenance,localservices
Home Improvement,Tools Service,homeservices
Home Improvement,Upholstery Service,auto
Home Improvement,Wallpaper,realestate
Home Improvement,Well Water Drilling Service,localservices
Japanese Restaurant,Ramen Restaurant,restaurants
Japanese Restaurant,Sushi Restaurant,restaurants
Law Enforcement,Police Station,publicservicesgovt
Law Practice,Bankruptcy Lawyer,professional
Law Practice,Copyright Lawyer,professional
Law Practice,Corporate Lawyer,professional
Law Practice,Criminal Lawyer,professional
Law Practice,Divorce & Family Lawyer,professional
Law Practice,Employment Lawyer,professional
Law Practice,Estate Lawyer,professional
Law Practice,Governmental Law,professional
Law Practice,Juvenile Law,professional
Law Practice,Labor & Employment Law,professional
Law Practice,Malpractice Law,professional
Law Practice,Patent Trademark & Copyright Law,professional
Law Practice,Property Law,professional
Law Practice,Real Estate Lawyer,professional
Law Practice,Wills & Estate Lawyer,professional
Lifestyle Services,Adoption Service,localservices
Lifestyle Services,Babysitter,homeservices
Lifestyle Services,Burial & Cremation Service,localservices
Lifestyle Services,Child Care,localservices
Lifestyle Services,Dating Service,localservices
Lifestyle Services,Food Consultant,professional
Lifestyle Services,Funeral Service,localservices
Lifestyle Services,Hospitality Service,health
Lifestyle Services,House Sitter,homeservices
Lifestyle Services,Janitorial Service,localservices
Lifestyle Services,Maid & Butler,homeservices
Lifestyle Services,Nanny,localservices
Lifestyle Services,Personal Coaching,localservices
Lifestyle Services,Psychic,arts
Lifestyle Services,Sewing & Seamstress,localservices
Lifestyle Services,Shopping Service,localservices
Lodging,Beach Resort,hotelstravel
Lodging,Bed and Breakfast,hotelstravel
Lodging,Cabin,hotelstravel
Lodging,Campground,hotelstravel
Lodging,Cottage,hotelstravel
Lodging,Hostel,hotelstravel
Lodging,Hotel,hotelstravel
Lodging,Inn,hotelstravel
Lodging,Lodge,hotelstravel
Lodging,Motel,hotelstravel
Lodging,Resort,hotelstravel
Lodging,RV Park,hotelstravel
Lodging,Vacation Home Rental,hotelstravel
Medical & Health,Acupuncture,health
Medical & Health,Addiction Resources,health
Medical & Health,AIDS Resources,health
Medical & Health,Alternative & Holistic Health,health
Medical & Health,Ambulance & Rescue,health
Medical & Health,Audiologist,health
Medical & Health,Blood Bank,health
Medical & Health,ccupational Therapist,health
Medical & Health,Chiropractor,health
Medical & Health,Clinic,health
Medical & Health,Counseling & Mental Health,health
Medical & Health,Dentist,health
Medical & Health,Disabled Persons Services,health
Medical & Health,Disaster Relief,health
Medical & Health,Doctor,health
Medical & Health,Drug & Alcohol Rehab,health
Medical & Health,First Aid Service,health
Medical & Health,Genealogist,health
Medical & Health,Health Agency,health
Medical & Health,Health Care Administration,health
Medical & Health,Healthcare Administrator,health
Medical & Health,Hospital,health
Medical & Health,Medical Center,health
Medical & Health,Medical Equipment,health
Medical & Health,Medical Lab,health
Medical & Health,Medical Research,health
Medical & Health,Medical Supplies,health
Medical & Health,Nursing,health
Medical & Health,Nursing Home,health
Medical & Health,Nutritionist,health
Medical & Health,Occupational Safety,health
Medical & Health,Pharmacy,health
Medical & Health,Physical Therapist,health
Medical & Health,Physician Assistant,health
Medical & Health,Plastic Surgery,health
Medical & Health,Retirement & Assisted Living Facility,health
Medical & Health,Speech Pathologist,health
Medical & Health,Women's Health,health
Museum,Art Museum,arts
Museum,History Museum,arts
Museum,Modern Art Museum,arts
Music Store,Musical Instrument Store,shopping
Night Club,Adult Entertainment,nightlife
Nightlife,Bar,nightlife
Nightlife,Dance Club,nightlife
Nightlife,Hookah Lounge,nightlife
Nightlife,Jazz Club,nightlife
Nightlife,Karaoke,nightlife
Nightlife,Lounge,nightlife
Nightlife,Night Club,nightlife
Nightlife,Pub,nightlife
Organization,Charity Organization,
Organization,Community Organization,localservices
Organization,Educational Organization,education
Organization,Political Organization,publicservicesgovt
Organization,Religious Organization,religiousorgs
Organization,Youth Organization,
Outdoor Services,Agricultural Service,localservices
Outdoor Services,Archaeological Services,professional
Outdoor Services,Awnings & Canopies,localservices
Outdoor Services,Boat Service,professional
Outdoor Services,Forestry & Logging,localservices
Outdoor Services,Geologic Service,professional
Outdoor Services,Marine Equipment,localservices
Outdoor Services,Marine Service Station,localservices
Outdoor Services,Recycling & Waste Management,localservices
Outdoor Services,Recycling & Waste Management,localservices
Outdoor Services,Septic Tank Service,homeservices
Outdoor Services,Septic Tank Service,homeservices
Outdoor Services,Taxidermist,localservices
Outdoor Services,Water Filtration & Treatment,localservices
Outdoors,Auditorium,active
Outdoors,Beach,active
Outdoors,Boating,active
Outdoors,Bridge,active
Outdoors,Camp,active
Outdoors,Cemetery,localservices
Outdoors,Fairground,
Outdoors,Farm,arts
Outdoors,Fishing,active
Outdoors,Island,active
Outdoors,Lake,active
Outdoors,Marina,active
Outdoors,Mountain,active
Outdoors,National Park,active
Outdoors,Ocean,active
Outdoors,Park,active
Outdoors,Picnic Ground,active
Outdoors,Playground,active
Outdoors,Reservoir,active
Outdoors,River,active
Outdoors,State Park,active
Outdoors,Statue & Fountain,active
Outdoors,Surfing Spot,active
Outdoors,Urban Farm,active
Outdoors,Water Park,active
Outdoors,Wildlife Sanctuary,active
Pet Service,Animal Shelter,pets
Pet Service,Dog Training,pets
Pet Service,Dog Walker,pets
Pet Service,Horses,pets
Pet Service,Kennel,pets
Pet Service,Pet Breeder,pets
Pet Service,Pet Cemetery,pets
Pet Service,Pet Groomer,pets
Pet Service,Pet Sitter,pets
Pet Service,Pet Store,pets
Pet Service,Veterinarian,pets
Private Transportation,Armored Cars,hotelstravel
Private Transportation,Charter Buses,hotelstravel
Private Transportation,Horse-Drawn Vehicles,hotelstravel
Private Transportation,Limo Service,hotelstravel
Private Transportation,Private Plane Charter,hotelstravel
Professional Services,Arts & Marketing,professional
Professional Services,Automotive,auto
Professional Services,Business Services,professional
Professional Services,Cable & Satellite Service,professional
Professional Services,Commercial & Industrial,professional
Professional Services,Event Planning,eventservices
Professional Services,Financial Services,financialservices
Professional Services,Law Practice,professional
Professional Services,Lifestyle Services,professional
Professional Services,Medical & Health,health
Professional Services,Outdoor Services,localservices
Professional Services,Pet Service,pets
Professional Services,Real Estate,homeservices
Professional Services,Repair Service,professional
Professional Services,Research Service,professional
Professional Services,Safety & First Aid Service,professional
Professional Services,Security,homeservices
Professional Services,Spa Beauty & Personal Care,beautysvc
Professional Services,Supply & Distribution Services,shopping
Public Places & Attractions,Highway,hotelstravel
Public Places & Attractions,Historical Place,hotelstravel
Public Places & Attractions,Landmark,publicservicesgovt
Public Places & Attractions,Monument,publicservicesgovt
Public Places & Attractions,Public Square,publicservicesgovt
Public Places & Attractions,Street,publicservicesgovt
Public Services,Child Protective Services,localservices
Public Services,Crisis Prevention Center,publicservicesgovt
Public Services,Disability Services,professional
Public Services,Housing & Homeless Shelter,localservices
Public Services,Housing Assistance Service,realestate
Public Services,Public Utility,publicservicesgovt
Public Services,Social Services,localservices
Public Transportation,Bus Line,hotelstravel
Public Transportation,Bus Station,hotelstravel
Public Transportation,Subway & Light Rail Station,hotelstravel
Public Transportation,Train Station,hotelstravel
Real Estate,Commercial Real Estate,realestate
Real Estate,Escrow Services,realestate
Real Estate,Real Estate Agent,realestate
Real Estate,Real Estate Appraiser,realestate
Real Estate,Real Estate Developer,realestate
Real Estate,Real Estate Investment,realestate
Real Estate,Real Estate Service,realestate
Real Estate,Real Estate Title & Development,realestate
Region,Borough,
Region,City,
Region,Country,
Region,County,
Region,Neighborhood,
Region,State,
Religious Center,Buddhist Temple,religiousorgs
Religious Center,Church,religiousorgs
Religious Center,Clergy,religiousorgs
Religious Center,Convent & Monastery,religiousorgs
Religious Center,Hindu Temple,religiousorgs
Religious Center,Mission,religiousorgs
Religious Center,Mosque,religiousorgs
Religious Center,Religious Book Store,religiousorgs
Religious Center,Sikh Temple,religiousorgs
Religious Center,Synagogue,religiousorgs
Religious Organization,Salvation Army,religiousorgs
Rental Company,Bike Rental & Bike Share,active
Rental Company,Boat Rental,auto
Rental Company,Car Rental,hotelstravel
Rental Company,Scooter Rental,active
Residence & Other,Apartment & Condo Building,realestate
Residence & Other,Campus Building,homeservices
Residence & Other,Dorm,homeservices
Residence & Other,Just For Fun,
Residence & Other,Workplace & Office,realestate
Restaurant,Afghani Restaurant,restaurants
Restaurant,African Restaurant,restaurants
Restaurant,American Restaurant,restaurants
Restaurant,Argentine Restaurant,restaurants
Restaurant,Asian Fusion Restaurant,restaurants
Restaurant,Asian Restaurant,restaurants
Restaurant,Bar & Grill,restaurants
Restaurant,Barbecue Restaurant,restaurants
Restaurant,Basque Restaurant,restaurants
Restaurant,Belgian Restaurant,restaurants
Restaurant,Brazilian Restaurant,restaurants
Restaurant,Breakfast & Brunch Restaurant,restaurants
Restaurant,British Restaurant,restaurants
Restaurant,Buffet Restaurant,restaurants
Restaurant,Burger Restaurant,restaurants
Restaurant,Cafe,restaurants
Restaurant,Cajun & Creole Restaurant,restaurants
Restaurant,Canadian Restaurant,restaurants
Restaurant,Caribbean Restaurant,restaurants
Restaurant,Chicken Restaurant,restaurants
Restaurant,Continental Restaurant,restaurants
Restaurant,CrÃªperie,restaurants
Restaurant,Cuban Restaurant,restaurants
Restaurant,Deli,restaurants
Restaurant,Dessert Restaurant,restaurants
Restaurant,Dim Sum Restaurant,restaurants
Restaurant,Diner,restaurants
Restaurant,Drive In Restaurant,restaurants
Restaurant,Ethiopian Restaurant,restaurants
Restaurant,Family Style Restaurant,restaurants
Restaurant,Fast Food Restaurant,restaurants
Restaurant,Fine Dining Restaurant,restaurants
Restaurant,Fish & Chips Shop,restaurants
Restaurant,Fondue Restaurant,restaurants
Restaurant,French Restaurant,restaurants
Restaurant,Gastropub,restaurants
Restaurant,German Restaurant,restaurants
Restaurant,Gluten-Free Restaurant,restaurants
Restaurant,Greek Restaurant,restaurants
Restaurant,Halal Restaurant,restaurants
Restaurant,Hawaiian Restaurant,restaurants
Restaurant,Health Food Restaurant,restaurants
Restaurant,Hot Dog Joint,restaurants
Restaurant,Hungarian Restaurant,restaurants
Restaurant,Indian Restaurant,restaurants
Restaurant,Indonesian Restaurant,restaurants
Restaurant,International Restaurant,restaurants
Restaurant,Irish Restaurant,restaurants
Restaurant,Italian Restaurant,restaurants
Restaurant,Kosher Restaurant,restaurants
Restaurant,Late Night Restaurant,restaurants
Restaurant,Latin American Restaurant,restaurants
Restaurant,Lebanese Restaurant,restaurants
Restaurant,Live & Raw Food Restaurant,restaurants
Restaurant,Mediterranean Restaurant,restaurants
Restaurant,Mexican Restaurant,restaurants
Restaurant,Middle Eastern Restaurant,restaurants
Restaurant,Modern European Restaurant,restaurants
Restaurant,Moroccan Restaurant,restaurants
Restaurant,Pakistani Restaurant,restaurants
Restaurant,Persian Restaurant,restaurants
Restaurant,Peruvian Restaurant,restaurants
Restaurant,Pizza Place,restaurants
Restaurant,Polish Restaurant,restaurants
Restaurant,Polynesian Restaurant,restaurants
Restaurant,Portuguese Restaurant,restaurants
Restaurant,Russian Restaurant,restaurants
Restaurant,Sandwich Shop,restaurants
Restaurant,Scandinavian Restaurant,restaurants
Restaurant,Seafood Restaurant,restaurants
Restaurant,Soul Food Restaurant,restaurants
Restaurant,Soup Restaurant,restaurants
Restaurant,Southern Restaurant,restaurants
Restaurant,Southwestern Restaurant,restaurants
Restaurant,Spanish Restaurant,restaurants
Restaurant,Steakhouse,restaurants
Restaurant,Take Out Restaurant,restaurants
Restaurant,Tapas Bar & Restaurant,restaurants
Restaurant,Tex-Mex Restaurant,restaurants
Restaurant,Turkish Restaurant,restaurants
Restaurant,Vegetarian & Vegan Restaurant,restaurants
School,Elementary School,education
School,High School,education
School,Junior High School,education
School,Middle School,education
School,Day Care & Preschool,education
Security,Patrol & Security,professional
Security,Private Investigator,professional
Shopping & Retail,Antiques & Vintage,shopping
Shopping & Retail,Arts & Crafts Supply Store,shopping
Shopping & Retail,Bank,shopping
Shopping & Retail,Big Box Retailer,shopping
Shopping & Retail,Bike Shop,shopping
Shopping & Retail,Book Store,shopping
Shopping & Retail,Camera Store,shopping
Shopping & Retail,Clothing Store,shopping
Shopping & Retail,Comic Book Store,shopping
Shopping & Retail,Computers & Electronics,shopping
Shopping & Retail,Convenience Store,shopping
Shopping & Retail,Cosmetics & Beauty Supply,shopping
Shopping & Retail,Department Store,shopping
Shopping & Retail,Discount Store,shopping
Shopping & Retail,Drugstore,shopping
Shopping & Retail,Dry Cleaner,shopping
Shopping & Retail,DVD & Video Store,shopping
Shopping & Retail,Eye Wear,shopping
Shopping & Retail,Fireworks Retailer,shopping
Shopping & Retail,Florist,shopping
Shopping & Retail,Food & Grocery,shopping
Shopping & Retail,Furniture Store,shopping
Shopping & Retail,Gift Shop,shopping
Shopping & Retail,Gun Store,shopping
Shopping & Retail,Home Improvement,shopping
Shopping & Retail,Jewelry Store,shopping
Shopping & Retail,Laundromat,shopping
Shopping & Retail,Luggage Service,shopping
Shopping & Retail,Mobile Phone Shop,shopping
Shopping & Retail,Music Store,shopping
Shopping & Retail,Office Supplies,shopping
Shopping & Retail,Other,shopping
Shopping & Retail,Outdoor Equipment Store,shopping
Shopping & Retail,Party Center,shopping
Shopping & Retail,Pet Store,shopping
Shopping & Retail,Shopping District,shopping
Shopping & Retail,Shopping Mall,shopping
Shopping & Retail,Signs & Banner Service,shopping
Shopping & Retail,Sporting Goods Store,shopping
Shopping & Retail,Toy Store,shopping
Shopping & Retail,Wholesale & Supply Store,shopping
Shopping & Retail,Winery & Vineyard,shopping
Spa Beauty & Personal Care,Aromatherapy,beautysvc
Spa Beauty & Personal Care,Barber Shop,beautysvc
Spa Beauty & Personal Care,Beauty Salon,beautysvc
Spa Beauty & Personal Care,Cosmetics & Beauty Supply,beautysvc
Spa Beauty & Personal Care,Day Spa,beautysvc
Spa Beauty & Personal Care,Esthethics,beautysvc
Spa Beauty & Personal Care,Hair Removal,beautysvc
Spa Beauty & Personal Care,Hair Replacement,beautysvc
Spa Beauty & Personal Care,Hair Salon,beautysvc
Spa Beauty & Personal Care,Hairpieces & Extensions,beautysvc
Spa Beauty & Personal Care,Health Spa,beautysvc
Spa Beauty & Personal Care,Makeup Artist,beautysvc
Spa Beauty & Personal Care,Massage,beautysvc
Spa Beauty & Personal Care,Medical Spa,beautysvc
Spa Beauty & Personal Care,Nail Salon,beautysvc
Spa Beauty & Personal Care,Skin Care,beautysvc
Spa Beauty & Personal Care,Spa,beautysvc
Spa Beauty & Personal Care,Tanning Salon,beautysvc
Spa Beauty & Personal Care,Tattoo & Piercing,beautysvc
Spa Beauty & Personal Care,Teeth Whitening,beautysvc
Spa Beauty & Personal Care,Wig Store,beautysvc
Sports & Recreation,Archery,active
Sports & Recreation,Batting Cage,active
Sports & Recreation,Boat Rental,active
Sports & Recreation,Cheerleading,active
Sports & Recreation,Driving Range,active
Sports & Recreation,Fitness Center,active
Sports & Recreation,Golf Course,active
Sports & Recreation,Gun Range,active
Sports & Recreation,Gym,active
Sports & Recreation,Hot Air Balloons,active
Sports & Recreation,Hunting and Fishing,active
Sports & Recreation,Ice Skating,active
Sports & Recreation,Martial Arts,active
Sports & Recreation,Miniature Golf,active
Sports & Recreation,Mountain Biking,active
Sports & Recreation,Outdoor Recreation,active
Sports & Recreation,Paintball,active
Sports & Recreation,Personal Trainer,active
Sports & Recreation,Physical Fitness,active
Sports & Recreation,Pool & Billiards,active
Sports & Recreation,Racquetball Court,active
Sports & Recreation,Rafting,active
Sports & Recreation,Recreation Center,active
Sports & Recreation,Recreation Center,active
Sports & Recreation,Rock Climbing,active
Sports & Recreation,Scuba Diving,active
Sports & Recreation,Ski & Snowboard School,active
Sports & Recreation,Ski Resort,active
Sports & Recreation,Sky Diving,active
Sports & Recreation,Sports Center,active
Sports & Recreation,Sports Club,active
Sports & Recreation,Sports Instruction,active
Sports & Recreation,Swimming Pool,active
Sports & Recreation,Tennis,active
Sports & Recreation,Yoga & Pilates,active
Suppy & Distribution Services,Bank Equipment & Service,professional
Suppy & Distribution Services,Book & Magazine Distribution,professional
Suppy & Distribution Services,Carnival Supplies,professional
Suppy & Distribution Services,Clothing Supply & Distribution,professional
Suppy & Distribution Services,Dental Equipment,professional
Suppy & Distribution Services,Drinking Water Distribution,professional
Suppy & Distribution Services,Electronic Equipment Service,professional
Suppy & Distribution Services,Equipment Service & Supply,professional
Suppy & Distribution Services,Food & Beverage Service & Distribution,professional
Suppy & Distribution Services,Food & Beverage Service & Distribution,professional
Suppy & Distribution Services,Hotel Supply Service,professional
Suppy & Distribution Services,Inventory Control Service,professional
Suppy & Distribution Services,Jewelry Supplier,professional
Suppy & Distribution Services,Laboratory Equipment,professional
Suppy & Distribution Services,Medical Equipment,professional
Suppy & Distribution Services,Medical Supplies,shopping
Suppy & Distribution Services,Packaging Supplies & Equipment,professional
Suppy & Distribution Services,Promotional Item Services,professional
Suppy & Distribution Services,Radio & Communication Equipment,professional
Suppy & Distribution Services,Restaurant Supply,professional
Suppy & Distribution Services,Rubber Service & Supply,professional
Suppy & Distribution Services,Service Station Supply,professional
Suppy & Distribution Services,Tanning Salon Supplier,professional
Suppy & Distribution Services,Theatrical Equipment,professional
Tourist Attraction,Museum,arts
Tours & Sightseeing,Cruise Excursions,hotelstravel
Tours & Sightseeing,Eco Tours,hotelstravel
Tours & Sightseeing,Rental Shop,hotelstravel
Tours & Sightseeing,Tour Company,hotelstravel
Tours & Sightseeing,Tour Guide,hotelstravel
Tours & Sightseeing,Tourist Information,hotelstravel
Travel &Transportation,Airline,hotelstravel
Travel &Transportation,Airport,hotelstravel
Travel &Transportation,Airport Lounge,hotelstravel
Travel &Transportation,Airport Shuttle,hotelstravel
Travel &Transportation,Airport Terminal,hotelstravel
Travel &Transportation,Cargo & Freight,hotelstravel
Travel &Transportation,Consulate & Embassy,hotelstravel
Travel &Transportation,Cruise,hotelstravel
Travel &Transportation,Ferry & Boat,hotelstravel
Travel &Transportation,Lodging,hotelstravel
Travel &Transportation,Parking,hotelstravel
Travel &Transportation,Passport & Visa Service,hotelstravel
Travel &Transportation,Port,hotelstravel
Travel &Transportation,Private Transportation,hotelstravel
Travel &Transportation,Public Transportation,hotelstravel
Travel &Transportation,Rental Company,hotelstravel
Travel &Transportation,School Transportation,hotelstravel
Travel &Transportation,Taxi,hotelstravel
Travel &Transportation,Tours & Sightseeing,hotelstravel
Travel &Transportation,Travel Agency,hotelstravel
Vietnamese Restaurant,Pho Restaurant,restaurants
Wholesale & Supply Store,Restaurant Wholesale,shopping
Women's Health,Abortion Services,health
Women's Health,Pregnancy & Childbirth Service,health
Workplace & Office,Corporate Office,
Workplace & Office,Meeting Room,
Workplace & Office,Startup,
Zoo & Aquarium,Petting Zoo,active